Track,Deezer_playlists,Deezer_charts
Seven (feat. Latto) (Explicit Ver.),45,10
LALA,58,14
vampire,91,14
Cruel Summer,125,12
WHERE SHE GOES,87,15
Sprinter,88,17
Ella Baila Sola,43,13
Columbia,30,13
fukumean,48,11
La Bebe - Remix,66,13
un x100to,54,12
Super Shy,21,5
Flowers,745,58
Daylight,182,24
As It Was,863,46
Kill Bill,161,12
Cupid - Twin Ver.,78,6
"What Was I Made For? [From The Motion Picture ""Barbie""]",95,24
Classy 101,54,14
Like Crazy,23,2
LADY GAGA,10,4
I Can See You (Taylorï¿½ï¿½ï¿½s Version) (From The ,42,1
I Wanna Be Yours,582,2
"Peso Pluma: Bzrp Music Sessions, Vol. 55",32,11
Popular (with Playboi Carti & Madonna) - The Idol Vol. 1 (Music from the HBO Original Series),87,14
SABOR FRESA,10,5
Calm Down (with Selena Gomez),318,38
MOJABI GHOST,41,14
Last Night,15,1
Dance The Night (From Barbie The Album),143,38
Rush,50,1
TULUM,13,8
Creepin',245,23
Anti-Hero,165,9
TQG,184,18
Los del Espacio,34,7
Frï¿½ï¿½gil (feat. Grupo Front,24,9
Blank Space,410,2
Style,151,4
TQM,15,6
El Azul,6,3
Sunflower - Spider-Man: Into the Spider-Verse,843,4
I'm Good (Blue),537,45
See You Again,247,1
Barbie World (with Aqua) [From Barbie The Album],65,16
Angels Like You,138,1
I Ain't Worried,458,37
Die For You,24,0
Starboy,0,1
Die For You - Remix,74,1
El Cielo,57,10
Baby Don't Hurt Me,213,11
AMARGURA,23,10
(It Goes Like) Nanana - Edit,109,17
Another Love,0,19
Blinding Lights,0,20
Moonlight,57,1
La Bachata,161,15
S91,39,6
cardigan,142,4
Tï¿½ï¿,73,4
Boy's a liar Pt. 2,102,14
Left and Right (Feat. Jung Kook of BTS),4,0
BESO,182,12
Hey Mor,89,11
Yellow,0,5
Karma,32,0
People,169,8
Overdrive,31,1
Enchanted (Taylor's Version),8,2
BABY HELLO,58,3
Heat Waves,707,28
golden hour,109,18
Sweater Weather,0,1
"Quevedo: Bzrp Music Sessions, Vol. 52",164,14
Viva La Vida,0,9
Here With Me,68,1
Unholy (feat. Kim Petras),331,26
Yandel 150,80,14
CORAZï¿½ï¿½N VA,18,4
Riptide,0,1
Until I Found You (with Em Beihold) - Em Beihold Version,71,0
Novidade na ï¿½ï¿,25,2
Back To December (Taylor's Version),5,0
STAY (with Justin Bieber),798,31
El Merengue,110,11
Someone You Loved,0,0
Me Porto Bonito,141,26
Makeba,0,22
MONTAGEM - FR PUNK,8,0
Fast Car,35,0
What It Is (Solo Version),24,0
Coco Chanel,29,5
Donï¿½ï¿½ï¿½t Bl,0,0
Still With You,8,0
All My Life (feat. J. Cole),69,2
Say Yes To Heaven,63,1
Snooze,42,1
Summertime Sadness,0,3
Take Two,25,4
Lover,163,0
Too Many Nights (feat. Don Toliver & with Future),19,2
Chemical,59,3
Mockingbird,0,5
New Jeans,4,4
Primera Cita,6,6
Cold Heart - PNAU Remix,0,37
Dandelions,59,1
Bones,327,17
Set Fire to the Rain,0,5
Money Trees,695,0
Tak Segampang Itu,0,0
LAGUNAS,4,2
Mine (Taylor's Version),6,1
Everybody Wants To Rule The World,0,0
No Role Modelz,476,0
Tattoo,145,18
Rara Vez,24,3
VAGABUNDO,47,8
august,61,1
LUNA,8,1
Miracle (with Ellie Goulding),246,9
Nonsense,38,8
Que Vuelvas,21,9
Por las Noches,4,3
Feliz Cumpleaï¿½ï¿½os Fe,52,4
Can't Hold Us (feat. Ray Dalton),0,2
Watermelon Sugar,0,12
lovely - Bonus Track,0,2
"Rauw Alejandro: Bzrp Music Sessions, Vol. 56",32,5
Queencard,7,0
OMG,15,1
Radio,282,3
"Shakira: Bzrp Music Sessions, Vol. 53",254,29
505,588,1
"Calling (Spider-Man: Across the Spider-Verse) (Metro Boomin & Swae Lee, NAV, feat. A Boogie Wit da Hoodie)",31,0
Trance (with Travis Scott & Young Thug),30,1
"Tere Vaaste (From ""Zara Hatke Zara Bachke"")",1,0
Perfect,0,0
Romantic Homicide,50,0
Believer,0,10
Novo Balanï¿½,26,1
"Gol Bolinha, Gol Quadrado 2",30,2
Without Me,0,5
QUEMA,26,3
Stargirl Interlude,5,0
Ojitos Lindos,99,13
Somewhere Only We Know,0,0
Those Eyes,44,1
El Gordo Trae El Mando,4,2
Mi Bello Angel,3,1
Bye,8,2
Danza Kuduro,974,1
Nosso Quadro,66,3
Locked Out Of Heaven,356,0
Un Finde | CROSSOVER #2,12,5
Jimmy Cooks (feat. 21 Savage),58,1
Counting Stars,0,11
Ghost,95,0
Under The Influence,3,0
PRC,10,6
Gasolina,453,0
One Dance,0,0
Enchanted,113,0
Save Your Tears,112,0
Sure Thing,435,6
Every Breath You Take - Remastered 2003,929,0
The Night We Met,939,1
We Found Love,0,1
When I Was Your Man,806,0
Let Me Down Slowly,885,0
"Am I Dreaming (Metro Boomin & A$AP Rocky, Roisee)",28,1
Do I Wanna Know?,0,1
Demons,0,4
ýýýýýýýýýýýý,8,1
Reminder,238,1
Shake It Off,0,9
Why'd You Only Call Me When You're High?,0,2
SNAP,226,24
Shape of You,0,7
Night Changes,2,0
Fin de Semana,6,1
Creep,0,5
Car's Outside,61,0
Apocalypse,790,2
Cheques,0,0
Pink + White,266,1
Circles,633,3
Just The Way You Are,0,0
Take Me To Church,0,1
Bebe Dame,21,7
You Belong With Me (Taylorï¿½ï¿½ï¿½s Ve,1,0
Titi Me Preguntï¿,139,14
Better Than Revenge (Taylor's Version),3,0
Shut up My Moms Calling,19,0
Have You Ever Seen The Rain?,653,0
Es un Secreto,19,0
POLARIS - Remix,21,8
Ditto,11,1
Take On Me,0,6
"Annihilate (Spider-Man: Across the Spider-Verse) (Metro Boomin & Swae Lee, Lil Wayne, Offset)",20,1
"Angel Pt 1 (feat. Jimin of BTS, JVKE & Muni Long)",15,1
Acrï¿½ï¿½s,79,11
AMG,9,5
"Phir Aur Kya Chahiye (From ""Zara Hatke Zara Bachke"")",1,0
S-Class,5,0
Hits Different,6,0
Chanel,21,2
Self Love (Spider-Man: Across the Spider-Verse) (Metro Boomin & Coi Leray),5,0
Area Codes,25,1
Abcdario,4,1
Obsessed,2,0
Piï¿½ï¿½man Deï¿,4,1
FLOWER,20,0
"All The Way Live (Spider-Man: Across the Spider-Verse) (Metro Boomin & Future, Lil Uzi Vert)",5,0
Eyes Closed,107,3
Escapism.,114,18
La Jumpa,53,10
Karma (feat. Ice Spice),31,0
Superhero (Heroes & Villains) [with Future & Chris Brown],38,0
Las Morras,4,1
CHORRITO PA LAS ANIMAS,34,5
Ch y la Pizza,8,3
Snow On The Beach (feat. More Lana Del Rey),9,0
Players,143,0
Bite Me,5,0
Stand By Me (feat. Morgan Wallen),6,0
Normal,45,5
Hummingbird (Metro Boomin & James Blake),5,0
Seu Brilho Sumiu - Ao Vivo,51,1
Bad Habit,131,16
CUFF IT,330,26
Lilith (feat. SUGA of BTS) (Diablo IV Anthem),8,2
69,48,2
Niï¿½ï¿½a Bo,43,5
Search & Rescue,43,0
AMERICA HAS A PROBLEM (feat. Kendrick Lamar),33,0
Lavender Haze,38,10
"Link Up (Metro Boomin & Don Toliver, Wizkid feat. BEAM & Toian) - Spider-Verse Remix (Spider-Man: Across the Spider-Verse )",3,0
Efecto,43,6
Erro Gostoso - Ao Vivo,76,2
Cupido,63,4
Just Wanna Rock,47,0
Unstoppable,0,2
Until I Found You,154,20
Rich Flex,42,0
Easy On Me,657,22
Cartï¿½ï¿½o B,30,1
Danger (Spider) (Offset & JID),6,0
Oi Balde - Ao Vivo,47,1
The Real Slim Shady,0,1
MERCHO,56,4
The Color Violet,21,1
Glimpse of Us,158,3
Mejor Que Yo,11,0
Curtains,27,0
UNFORGIVEN (feat. Nile Rodgers),9,0
Haegeum,10,2
Conexï¿½ï¿½es de Mï¿½ï¿½fia (feat. Rich ,41,1
MIENTRAS ME CURO DEL CORA,30,6
Never Felt So Alone,51,0
X SI VOLVEMOS,53,8
ceilings,48,0
Cupid,30,0
I AM,7,0
Cupid ï¿½ï¿½ï¿½ Twin Ver. (FIFTY FIFTY) ï¿½ï¿½ï¿½ Spe,6,0
Shorty Party,12,2
Super,9,0
Slut Me Out,13,0
Double Fantasy (with Future),28,0
All Of The Girls You Loved Before,19,0
PROVENZA,147,11
Princess Diana (with Nicki Minaj),0,0
Di Que Si,4,2
Shivers,543,18
Igualito a Mi Apï¿,5,1
Shoong! (feat. LISA of BLACKPINK),10,0
Komang,1,1
DESPECHï¿,422,15
Made You Look,127,3
Watch This - ARIZONATEARS Pluggnb Remix,21,0
No Se Va,22,9
Punto G,37,5
Lovers Rock,36,1
METAMORPHOSIS,24,0
Mami Chula,27,0
En Paris,2,1
Set Me Free Pt.2,16,1
I Was Never There,142,0
Don't ever say love me (feat. RM of BTS),5,0
Shut Down,62,0
Gato de Noche,32,3
Call Out My Name,801,1
Like Crazy (English Version),5,0
Rosa Pastel,2,1
Sunroof,110,19
Lose Yourself - Soundtrack Version,0,1
Superman,0,0
Mas Rica Que Ayer,20,0
People Pt.2 (feat. IU),11,2
REMIX EXCLUSIVO,15,0
"Arcï¿½ï¿½ngel: Bzrp Music Sessions, Vol",18,1
DOGTOOTH,18,0
10:35,147,18
SORRY NOT SORRY,13,0
HAPPY,11,0
La Bebe,5,1
I Know - PR1SVX Edit,5,0
Late Night Talking,199,16
Leï¿½,88,1
Save Your Tears (with Ariana Grande) (Remix),468,3
Something in the Orange,46,16
VOID,12,0
Dijeron Que No La Iba Lograr,2,1
Midnight Rain,21,0
If We Ever Broke Up,66,9
You Proof,9,0
LA INOCENTE,43,8
Malas Decisiones,21,0
Murder In My Mind,50,0
Gangsta's Paradise,386,0
CAIRO,55,1
I Love You So,135,0
Dark Red,181,0
Say You Won't Let Go,0,0
The Hills,0,0
Heart To Heart,29,1
Peaches (from The Super Mario Bros. Movie),0,0
Marisola - Remix,30,2
LOKERA,64,6
Low,14,0
Numb,0,0
Tormenta (feat. Bad Bunny),39,2
on the street (with J. Cole),8,0
One Thing At A Time,5,0
Miss You,197,3
Ainï¿½ï¿½ï¿½t Tha,0,0
Thinkinï¿½ï¿½ï¿½ B,0,0
Private Landing (feat. Justin Bieber & Future),18,0
Everything I Love,0,0
Heaven,48,0
LET GO,110,0
Sial,0,0
I Wrote The Book,0,0
"Apna Bana Le (From ""Bhediya"")",0,0
SPIT IN MY FACE!,9,0
PLAYA DEL INGLï¿½,34,2
Man Made A Bar (feat. Eric Church),1,0
Red Ruby Da Sleeze,20,0
Kahani Suno 2.0,1,0
Nobody Gets Me,58,13
PERO Tï¿,14,3
Hype Boy,12,2
Bloody Mary,277,3
Monotonï¿½,150,4
ýýý98 Braves,0,0
WANDA,7,1
Thought You Should Know,1,0
In The End,0,2
Zona De Perigo,71,2
Lovezinho,13,0
I Like You (A Happier Song) (with Doja Cat),80,15
Neverita,35,6
Vista Al Mar,21,3
Sem Alianï¿½ï¿½a no ,21,0
Enemy (with JID) - from the series Arcane League of Legends,580,21
Revenge,203,0
Bombonzinho - Ao Vivo,73,2
LA CANCIï¿½,305,3
Quï¿½ï¿½ Ago,18,5
Love Again,48,0
After Hours,218,1
About Damn Time,25,0
Born With A Beer In My Hand,0,0
ýýýýýýýýýýýýýýýýýýýýý,9,0
Besos Moja2,56,3
Maan Meri Jaan,1,0
Moscow Mule,85,9
My Universe,0,0
Devil Donï¿½ï¿½ï¿½,0,0
LLYLM,114,1
I'm Not Here To Make Friends,49,0
TRUSTFALL,101,7
ANTIFRAGILE,11,0
Boy's a liar,28,13
VIBE (feat. Jimin of BTS),21,1
Shirt,31,0
Lift Me Up - From Black Panther: Wakanda Forever - Music From and Inspired By,212,1
STAR WALKIN' (League of Legends Worlds Anthem),208,0
"Sex, Drugs, Etc.",87,12
Boy With Luv (feat. Halsey),259,0
"Hey, Mickey!",12,4
Calm Down,750,22
Jhoome Jo Pathaan,2,0
Escapism. - Sped Up,11,0
Space Song,335,0
Dreamers [Music from the FIFA World Cup Qatar 2022 Official Soundtrack],35,0
Te Felicito,212,13
Muï¿½ï¿½,53,2
TV,65,0
I'm Not The Only One,0,0
Heather,231,0
"Besharam Rang (From ""Pathaan"")",2,0
One Kiss (with Dua Lipa),0,6
Sugar Rush Ride,13,0
Pink Venom,77,1
WAIT FOR U (feat. Drake & Tems),75,0
Don't Start Now,0,3
After Dark,3,0
Eu Gosto Assim - Ao Vivo,66,1
INDUSTRY BABY (feat. Jack Harlow),690,0
MIDDLE OF THE NIGHT,240,1
Atlantis,134,1
PUNTO 40,66,2
Evoque Prata,50,0
How Do I Say Goodbye,58,0
Blind,12,0
Die For You,36,16
Doja,183,1
Gatita,15,0
Rumble,27,0
Niagara Falls (Foot or 2) [with Travis Scott & 21 Savage],12,0
Yonaguni,164,4
Super Freaky Girl,76,9
Running Up That Hill (A Deal With God),676,3
Dream On,5,0
Limbo,17,0
Where Are You Now,557,17
WORTH NOTHING,34,0
Bad Habits,945,15
KICK BACK,26,0
Evergreen (You Didnï¿½ï¿½ï¿½t Deserve Me A,49,0
Good Days,182,1
Levitating (feat. DaBaby),544,0
Woman,463,4
Shut up My Moms Calling - (Sped Up),6,0
Ferrari,175,0
"You're On Your Own, Kid",20,0
"Kesariya (From ""Brahmastra"")",4,0
Agudo Mï¿½ï¿½gi,14,0
Payphone,0,1
All I Want for Christmas Is You,0,0
Last Christmas,0,0
Rockin' Around The Christmas Tree,206,0
Jingle Bell Rock,104,0
It's Beginning To Look A Lot Like Christmas,549,0
Santa Tell Me,439,0
It's the Most Wonderful Time of the Year,160,0
Let It Snow! Let It Snow! Let It Snow!,277,0
Snowman,500,0
Underneath the Tree,251,0
Feliz Navidad,10,0
Holly Jolly Christmas,291,0
Mistletoe,310,0
Sleigh Ride,262,0
Seek & Destroy,1,0
Love Language,8,0
Happy Xmas (War Is Over),390,0
Used (feat. Don Toliver),3,0
A Holly Jolly Christmas - Single Version,73,0
The Christmas Song (Merry Christmas To You) - Remastered 1999,251,0
Wonderful Christmastime - Edited Version / Remastered 2011,29,0
Do They Know It's Christmas? - 1984 Version,449,0
Ghost in the Machine (feat. Phoebe Bridgers),4,0
Special,3,0
Merry Christmas Everyone,5,0
Let It Snow! Let It Snow! Let It Snow!,406,0
SOS,1,0
Open Arms (feat. Travis Scott),17,0
White Christmas,123,0
Driving Home for Christmas - 2019 Remaster,6,0
Christmas (Baby Please Come Home),212,0
Gone Girl,2,0
F2F,1,0
Notice Me,0,0
Merry Christmas,141,0
It's Beginning to Look a Lot Like Christmas (with Mitchell Ayres & His Orchestra),158,0
My Only Wish (This Year),286,0
Antidepresan,7,1
Wild Flower (with youjeen),14,0
I Hate U,43,0
Raindrops (Insane) [with Travis Scott],10,0
SPIT IN MY FACE!,18,0
Deck The Hall - Remastered 1999,41,0
Smoking on my Ex Pack,3,0
Conceited,2,0
Snow On The Beach (feat. Lana Del Rey),30,0
Maroon,14,0
Tubarï¿½ï¿½o Te,44,0
Bejeweled,22,2
Tarot,22,2
You Make It Feel Like Christmas (feat. Blake Shelton),30,0
Desesperados,128,7
Too Late,2,0
Party,37,3
Run Rudolph Run - Single Version,52,0
Jingle Bells - Remastered 1999,65,0
Far,1,0
On Time (with John Legend),6,0
GATï¿½ï¿½,57,3
ýýýabcdefu,575,18
Sacrifice,133,0
Is There Someone Else?,34,0
Fingers Crossed,70,16
Out of Time,62,0
Do It To It,465,0
We Don't Talk About Bruno,44,0
Pepas,965,20
How Do I Make You Love Me?,15,0
Gasoline,14,0
Infinity,396,0
Less Than Zero,61,0
Take My Breath,38,0
good 4 u,461,1
"Here We Goï¿½ï¿½ï¿½ Again (feat. Tyler, the Cr",7,0
Best Friends,14,0
Kiss Me More (feat. SZA),497,0
I Heard You're Married (feat. Lil Wayne),9,0
Need To Know,150,0
MONTERO (Call Me By Your Name),738,0
love nwantiti (ah ah ah),262,14
Dawn FM,6,0
Surface Pressure,20,0
Starry Eyes,11,0
THATS WHAT I WANT,298,0
One Right Now (with The Weeknd),75,0
Beggin,964,9
Mon Amour - Remix,139,0
Lo Siento BB:/ (with Bad Bunny & Julieta Venegas),53,6
MONEY,131,0
The Motto,268,0
Happier Than Ever,283,0
Moth To A Flame (with The Weeknd),284,2
traitor,134,0
Toxic,118,0
drivers license,485,0
Malvadï¿½ï¿,81,0
All Too Well (10 Minute Version) (Taylor's Version) (From The Vault),30,1
Donï¿½ï¿½ï¿½t Break My,6,0
Oh My God,199,0
Entre Nosotros (Remix) [con Nicki Nicole],12,0
A Tale By Quincy,2,0
I AM WOMAN,107,0
Medallo,57,1
It'll Be Okay,104,0
Softcore,93,0
Super Gremlin,35,0
Volvï¿,133,0
Todo De Ti,268,6
Love Nwantiti - Remix,57,0
Smokin Out The Window,76,0
Meet Me At Our Spot,90,0
Every Angel is Terrifying,2,0
Tacones Rojos,85,5
Peaches (feat. Daniel Caesar & Giveon),612,6
Dakiti,525,9
"Tiago PZK: Bzrp Music Sessions, Vol. 48",15,1
Lï¿½ï¿½ï¿,394,0
Nostï¿½ï¿½l,59,0
Better Days (NEIKED x Mae Muller x Polo G),73,13
Life Goes On,116,0
Sad Girlz Luv Money Remix (feat. Kali Uchis),70,0
Butter,223,0
pushin P (feat. Young Thug),43,0
You Right,100,0
deja vu,141,0
Dynamite,583,0
TO THE MOON,159,0
Lost in the Fire,447,0
Salimo de Noche,21,0
Volando - Remix,70,1
Leave The Door Open,569,0
Knife Talk (with 21 Savage ft. Project Pat),45,0
Don't Be Shy,187,1
Love Grows (Where My Rosemary Goes),54,0
LA FAMA (with The Weeknd),507,6
The Family Madrigal,12,0
Phantom Regret by Jim,3,0
Dos Oruguitas,74,0
Freaks,121,0
Acapulco,182,1
Daddy Issues,384,0
thought i was playing,5,0
ELEVEN,11,0
Mood (feat. Iann Dior),636,0
What Else Can I Do?,8,0
DANCE CRIP,24,0
Miserable Man,32,1
happier,105,0
Praise God,105,0
Get Into It (Yuh),73,12
Before You Go,625,0
Sky,52,0
Rolling in the Deep,0,2
Sobrio,100,1
Peru,154,0
favorite crime,99,0
Thunder,259,0
The Business,582,0
positions,95,0
I WANNA BE YOUR SLAVE,434,3
Vai Lï¿½ï¿½ Em Casa ,89,0
The Feels,44,0
HEARTBREAK ANNIVERSARY,210,0
No Lie,0,0
OUT OUT (feat. Charli XCX & Saweetie),201,0
Pope Is a Rockstar,50,0
2055,44,0
Bored,250,0
Happier Than Ever - Edit,38,0
Astronaut In The Ocean,478,0
Ley Seca,38,0
Every Summertime,5,0
Talking To The Moon,862,0
you broke me first,318,0
The Nights,0,0
Take My Breath,344,0
Way 2 Sexy (with Future & Young Thug),86,0
Cï¿½ï¿½,39,0
Enemy - from the series Arcane League of Legends,8,2
Dance Monkey,0,6
Lucid Dreams,710,0
Quï¿½ï¿½ Mï¿½ï¿,131,0
All of Me,0,2
Smells Like Teen Spirit - Remastered 2021,0,4
Arcade,584,1
Fair Trade (with Travis Scott),96,0
Bar,0,0
The Rumbling (TV Size),23,0
family ties (with Kendrick Lamar),63,0
Mr. Brightside,0,2
Blessed-Cursed,10,0
AM Remix,67,1
Streets,179,0
Shallow,0,6
Polaroid Love,17,0
Leave Before You Love Me (with Jonas Brothers),110,0
Permission to Dance,74,0
Friday (feat. Mufasa & Hypeman) - Dopamine Re-Edit,710,0
RAPSTAR,78,0
'Till I Collapse,0,1
Memories,0,1
Se Le Ve,0,0
25k jacket (feat. Lil Baby),3,0
When Iï¿½ï¿½ï¿½m Gone (with Katy ,65,0
Esqueï¿½ï¿½a-Me Se For C,93,0
Miï¿½ï¿½n,70,1
Sï¿½ï¿½,15,0
MAMIII,175,5
Still D.R.E.,0,1
Stay Alive (Prod. SUGA of BTS),20,0
Boyfriend,102,0
The Joker And The Queen (feat. Taylor Swift),34,0
The Next Episode,0,1
Light Switch,85,1
City of Gods,30,0
Brividi,31,0
Lost,587,0
In Da Club,0,1
she's all i wanna be,51,0
Ginseng Strip 2002,113,1
All For Us - from the HBO Original Series Euphoria,7,0
Notion,65,0
Formula,102,0
Mount Everest,80,0
Excuses,2,0
Cigarettes,10,0
"Cayï¿½ï¿½ La Noche (feat. Cruz Cafunï¿½ï¿½, Abhir Hathi, Bejo, EL IMA)",12,0
California Love - Original Version (Explicit),0,0
Forgot About Dre,0,0
Down Under (feat. Colin Hay),50,1
Mujeriego,91,0
HUMBLE.,0,0
Stan,0,0
Contection,398,0
Swim,62,0
A Tu Merced,40,0
Numb Little Bug,42,12
212,39,0
Problemï¿½,15,0
Bussin,14,0
Worst Day,24,0
Malvada,64,0
Hrs and Hrs,46,13
Alien Blues,28,0
Thinking Out Loud,0,0
Still Don't Know My Name,266,0
Christmas Tree,6,0
Mal Feito - Ao Vivo,93,1
When I R.I.P.,66,0
Do We Have A Problem?,26,0
Forever,138,0
Gospel (with Eminem),29,0
Seï¿½ï¿½o,0,1
NEW MAGIC WAND,55,0
Adore You,519,2
La Santa,100,0
Something In The Way - Remastered 2021,0,0
Sweetest Pie,51,11
Bam Bam (feat. Ed Sheeran),492,9
Una Noche en Medellï¿½,53,1
Envolver,180,1
Starlight,31,1
Hati-Hati di Jalan,0,0
"I'm Tired - From ""Euphoria"" An Original HBO Series",58,0
DANï¿½ï¿½A,99,1
Yo Voy (feat. Daddy Yankee),0,0
"Residente: Bzrp Music Sessions, Vol. 49",13,0
Jordan,35,1
Nail Tech,24,0
Chale,13,1
DARARI,7,0
Ya No Somos Ni Seremos,32,7
Thinking with My Dick,14,0
Freaky Deaky,19,0
this is what falling in love feels like,43,0
La Zona,15,0
Bohemian Rhapsody - Remastered 2011,0,8
Hope,267,0
Levitating,531,1
Wake Me Up - Radio Edit,0,1
"jealousy, jealousy",70,0
Monï¿½ï¿½y so,12,0
Demasiadas Mujeres,11,0
Something Just Like This,0,3
Closer,0,0
O.O,10,0
Somebody That I Used To Know,0,1
Tom's Diner,50,0
First Class,137,15
Plan A,19,0
Fuera del mercado,43,1
X ï¿½ï¿½LTIMA,32,0
When You're Gone,44,0
In My Head,31,0
Wait a Minute!,250,3
LOVE DIVE,13,0
Pantysito,30,0
Chance,7,0
Cool for the Summer,577,0
psychofreak (feat. WILLOW),52,0
Angel Baby,32,0
Vampiro,39,0
Si Quieren Frontear,11,0
Right On,15,0
Me Arrepentï¿,4,0
That's Hilarious,12,0
Soy El Unico,4,0
RUMBATï¿½,52,0
sentaDONA (Remix) s2,49,0
Falling,254,0
Sigue,60,0
Fim de Semana no Rio,31,0
MANIAC,20,0
There's Nothing Holdin' Me Back,0,2
IDGAF (with blackbear),13,0
Golden,200,0
Get Lucky - Radio Edit,0,0
Ain't Shit,46,0
"Nobody Like U - From ""Turning Red""",30,0
Still Life,7,0
Photograph,0,0
Love Yourself,0,0
N95,65,0
About Damn Time,272,21
Die Hard,32,0
Despuï¿½ï¿½s de la P,24,0
Un Ratito,13,1
United In Grief,12,0
Father Time (feat. Sampha),22,0
Yo No Soy Celoso,11,0
Rich Spirit,33,0
Cooped Up (with Roddy Ricch),43,0
Me Fui de Vacaciones,22,1
Silent Hill,23,0
La Corriente,18,1
Count Me Out,13,0
Andrea,13,1
Dos Mil 16,11,0
We Cry Together,6,0
Savior,8,0
Un Coco,9,0
Otro Atardecer,13,0
Worldwide Steppers,5,0
Aguacero,10,0
Purple Hearts,7,0
Un Verano Sin Ti,9,0
ULTRA SOLO,34,1
Ensï¿½ï¿½ï¿½ï¿½ame ,12,0
El Apagï¿½,14,0
Callaita,355,7
Dua Lipa,3,0
Agosto,8,0
House Of Memories,150,0
Mr. Morale,3,0
That That (prod. & feat. SUGA of BTS),23,0
In The Stars,87,1
Rich - Interlude,0,0
SUPERMODEL,173,11
Stefania (Kalush Orchestra),4,0
Thousand Miles,46,0
Crown,10,0
Auntie Diaries,4,0
PUFFIN ON ZOOTIEZ,23,0
Mirror,4,0
Beautiful Girl,18,0
"Paulo Londra: Bzrp Music Sessions, Vol. 23",7,0
Savior - Interlude,3,0
Pasoori,3,0
Mother I Sober (feat. Beth Gibbons of Portishead),2,0
TUS Lï¿½ï¿½GR,9,0
Where Did You Go?,119,1
I Tried to Tell Y'all,3,0
Honest (feat. Don Toliver),17,0
ZOOM,14,0
SloMo,19,0
FEARLESS,9,0
10 Things I Hate About You,15,0
SPACE MAN,32,0
With you,11,1
Iris,582,0
The Heart Part 5,30,0
San Lucas,5,0
This Love (Taylorï¿½ï¿½ï¿½s Ve,15,0
Good Looking,25,0
Flowers,24,1
Yet To Come,26,0
Run BTS,17,0
Music For a Sushi Restaurant,66,0
Matilda,79,0
For Youth,12,0
Daylight,40,0
Vegas (From the Original Motion Picture Soundtrack ELVIS),93,0
Cash In Cash Out,29,0
Potion (with Dua Lipa & Young Thug),119,0
Born Singer,6,0
Little Freak,39,0
La Llevo Al Cielo (Ft. ï¿½ï¿½engo F,31,0
True Love,44,1
Satellite,79,0
Pass The Dutchie,900,0
"Villano Antillano: Bzrp Music Sessions, Vol. 51",17,0
Love Of My Life,31,0
Grapejuice,15,0
So Good,19,0
Belly Dancer,301,1
Keep Driving,18,0
Cinema,28,0
Die Young (feat. 347aidan),15,0
Only Love Can Hurt Like This,365,0
Hold My Hand,270,2
Daydreaming,23,0
Numb,86,1
Nos Comemos (feat. Ozuna),2,0
Me and Your Mama,107,1
Crazy What Love Can Do,142,0
SLOW DANCING IN THE DARK,65,0
Antes de Perderte,8,0
Boyfriends,30,0
295,0,0
Tak Ingin Usai,0,0
En El Radio Un Cochinero,1,0
Master of Puppets (Remastered),406,1
BREAK MY SOUL,259,14
ULTRA SOLO REMIX,38,2
Massive,61,0
Betty (Get Money),26,0
Ojos Marrones,15,1
POP!,14,0
Layla,24,1
MORE,11,0
Sweet Child O' Mine,0,3
Last Last,150,3
SNAP,63,0
Sticky,25,0
Hot Shit (feat. Ye & Lil Durk),2,0
Ai Preto,54,0
La Loto,57,0
die first,22,0
Afraid To Feel,128,0
Baile no Morro,24,0
cï¿½ï¿½mo dormi,20,0
Bad Decisions (with BTS & Snoop Dogg),33,0
STAYING ALIVE (feat. Drake & Lil Baby),50,0
Caile,15,0
Si Te La Encuentras Por Ahï¿,18,0
GIVENCHY,12,0
ALIEN SUPERSTAR,36,0
Mary On A Cross,78,0
Attention,9,0
THE SHADE,16,0
"Come Back Home - From ""Purple Hearts""",195,0
El Rescate,3,1
Heartless,0,0
"Stay With Me (with Justin Timberlake, Halsey, & Pharrell)",124,1
Siempre Pendientes,4,2
JGL,6,1
Don't You Worry,248,1
Pipoco,65,1
Hold Me Closer,177,4
Forget Me,84,9
After LIKE,11,0
Bound 2,274,0
B.O.T.A. (Baddest Of Them All) - Edit,113,12
Talk that Talk,15,1
BILLIE EILISH.,67,11
Ferxxo 100,23,2
KU LO SA - A COLORS SHOW,107,1
Prohibidox,25,1
Static,13,0
The Scientist,0,1
Sparks,805,0
Talk,8,0
XQ Te Pones Asï¿,6,0
Selfish,0,0
Sin Seï¿½ï,13,1
Lady Mi Amor,2,0
Poland,24,0
THE LONELIEST,328,1
Bye Bye,9,0
BABY OTAKU,13,0
Nxde,9,0
Miss You,119,0
we fell in love in october,15,0
2 Be Loved (Am I Ready),158,2
Celestial,80,0
Typa Girl,13,0
I Really Want to Stay at Your House,31,0
California Breeze,13,0
Bamba (feat. Aitch & BIA),12,2
Casei Com a Putaria,30,0
Major Distribution,15,0
Pussy & Millions (feat. Travis Scott),17,0
Vigilante Shit,16,0
Question...?,12,0
On BS,7,0
Mastermind,13,0
Circo Loco,17,0
Labyrinth,15,0
Spin Bout U,10,0
Sweet Nothing,13,0
"Would've, Could've, Should've",8,0
Con La Brisa,7,0
Privileged Rappers,3,0
The Astronaut,15,1
BackOutsideBoyz,2,0
Broke Boys,5,0
The Great War,11,0
My Mind & Me,37,1
Bigger Than The Whole Sky,8,0
A Veces (feat. Feid),7,0
En La De Ella,17,0
Alone,32,1
