Track,Apple_playlists,Apple_charts
Seven (feat. Latto) (Explicit Ver.),43,263
LALA,48,126
vampire,94,207
Cruel Summer,116,207
WHERE SHE GOES,84,133
Sprinter,67,213
Ella Baila Sola,34,222
Columbia,25,89
fukumean,60,210
La Bebe - Remix,49,110
un x100to,41,205
Super Shy,37,202
Flowers,300,215
Daylight,80,156
As It Was,403,198
Kill Bill,183,162
Cupid - Twin Ver.,91,212
"What Was I Made For? [From The Motion Picture ""Barbie""]",80,227
Classy 101,43,100
Like Crazy,8,104
LADY GAGA,11,163
I Can See You (Taylorï¿½ï¿½ï¿½s Version) (From The ,73,119
I Wanna Be Yours,24,98
"Peso Pluma: Bzrp Music Sessions, Vol. 55",17,152
Popular (with Playboi Carti & Madonna) - The Idol Vol. 1 (Music from the HBO Original Series),74,182
SABOR FRESA,16,149
Calm Down (with Selena Gomez),202,119
MOJABI GHOST,35,109
Last Night,52,107
Dance The Night (From Barbie The Album),0,0
Rush,71,135
TULUM,20,185
Creepin',113,149
Anti-Hero,242,142
TQG,115,123
Los del Espacio,22,33
Frï¿½ï¿½gil (feat. Grupo Front,19,108
Blank Space,154,123
Style,94,111
TQM,16,159
El Azul,10,107
Sunflower - Spider-Man: Into the Spider-Verse,372,117
I'm Good (Blue),291,184
See You Again,77,58
Barbie World (with Aqua) [From Barbie The Album],82,145
Angels Like You,65,48
I Ain't Worried,241,127
Die For You,68,21
Starboy,281,137
Die For You - Remix,87,86
El Cielo,44,64
Baby Don't Hurt Me,145,111
AMARGURA,14,71
(It Goes Like) Nanana - Edit,0,0
Another Love,250,122
Blinding Lights,672,199
Moonlight,67,79
La Bachata,139,111
S91,34,115
cardigan,106,112
Tï¿½ï¿,27,17
Boy's a liar Pt. 2,154,84
Left and Right (Feat. Jung Kook of BTS),38,0
BESO,82,121
Hey Mor,63,79
Yellow,196,2
Karma,37,55
People,105,64
Overdrive,36,32
Enchanted (Taylor's Version),32,93
BABY HELLO,42,80
Heat Waves,386,144
golden hour,70,58
Sweater Weather,166,87
"Quevedo: Bzrp Music Sessions, Vol. 52",94,65
Viva La Vida,233,0
Here With Me,94,85
Unholy (feat. Kim Petras),216,108
Yandel 150,47,74
CORAZï¿½ï¿½N VA,12,16
Riptide,300,65
Until I Found You (with Em Beihold) - Em Beihold Version,60,96
Novidade na ï¿½ï¿,9,6
Back To December (Taylor's Version),16,72
STAY (with Justin Bieber),492,99
El Merengue,80,75
Someone You Loved,440,125
Me Porto Bonito,104,120
Makeba,150,148
MONTAGEM - FR PUNK,1,52
Fast Car,57,97
What It Is (Solo Version),29,76
Coco Chanel,28,89
Donï¿½ï¿½ï¿½t Bl,19,45
Still With You,2,107
All My Life (feat. J. Cole),69,145
Say Yes To Heaven,49,105
Snooze,58,156
Summertime Sadness,89,143
Take Two,20,106
Lover,160,110
Too Many Nights (feat. Don Toliver & with Future),17,119
Chemical,56,91
Mockingbird,49,98
New Jeans,8,166
Primera Cita,6,40
Cold Heart - PNAU Remix,384,135
Dandelions,41,100
Bones,98,108
Set Fire to the Rain,88,112
Money Trees,69,113
Tak Segampang Itu,7,6
LAGUNAS,2,106
Mine (Taylor's Version),21,52
Everybody Wants To Rule The World,101,32
No Role Modelz,80,65
Tattoo,74,102
Rara Vez,19,23
VAGABUNDO,40,58
august,25,81
LUNA,19,117
Miracle (with Ellie Goulding),161,115
Nonsense,69,12
Que Vuelvas,21,110
Por las Noches,8,116
Feliz Cumpleaï¿½ï¿½os Fe,45,69
Can't Hold Us (feat. Ray Dalton),201,44
Watermelon Sugar,437,115
lovely - Bonus Track,221,96
"Rauw Alejandro: Bzrp Music Sessions, Vol. 56",25,59
Queencard,10,126
OMG,26,124
Radio,24,122
"Shakira: Bzrp Music Sessions, Vol. 53",119,108
505,30,80
"Calling (Spider-Man: Across the Spider-Verse) (Metro Boomin & Swae Lee, NAV, feat. A Boogie Wit da Hoodie)",31,37
Trance (with Travis Scott & Young Thug),24,90
"Tere Vaaste (From ""Zara Hatke Zara Bachke"")",3,88
Perfect,7,0
Romantic Homicide,82,55
Believer,250,121
Novo Balanï¿½,6,9
"Gol Bolinha, Gol Quadrado 2",5,2
Without Me,98,76
QUEMA,17,29
Stargirl Interlude,13,8
Ojitos Lindos,71,113
Somewhere Only We Know,107,69
Those Eyes,24,71
El Gordo Trae El Mando,7,71
Mi Bello Angel,7,76
Bye,13,110
Danza Kuduro,119,81
Nosso Quadro,14,88
Locked Out Of Heaven,0,0
Un Finde | CROSSOVER #2,4,14
Jimmy Cooks (feat. 21 Savage),81,121
Counting Stars,179,97
Ghost,107,38
Under The Influence,133,181
PRC,19,143
Gasolina,98,95
One Dance,433,107
Enchanted,24,101
Save Your Tears,197,115
Sure Thing,137,125
Every Breath You Take - Remastered 2003,211,74
The Night We Met,70,82
We Found Love,321,91
When I Was Your Man,0,0
Let Me Down Slowly,0,0
"Am I Dreaming (Metro Boomin & A$AP Rocky, Roisee)",17,60
Do I Wanna Know?,133,92
Demons,65,82
ýýýýýýýýýýýý,35,102
Reminder,45,85
Shake It Off,328,70
Why'd You Only Call Me When You're High?,54,70
SNAP,148,80
Shape of You,33,0
Night Changes,60,20
Fin de Semana,11,84
Creep,146,72
Car's Outside,38,25
Apocalypse,61,96
Cheques,7,10
Pink + White,112,68
Circles,391,73
Just The Way You Are,82,0
Take Me To Church,187,99
Bebe Dame,27,129
You Belong With Me (Taylorï¿½ï¿½ï¿½s Ve,47,90
Titi Me Preguntï¿,124,133
Better Than Revenge (Taylor's Version),3,33
Shut up My Moms Calling,1,50
Have You Ever Seen The Rain?,71,37
Es un Secreto,4,3
POLARIS - Remix,20,46
Ditto,28,125
Take On Me,34,0
"Annihilate (Spider-Man: Across the Spider-Verse) (Metro Boomin & Swae Lee, Lil Wayne, Offset)",13,46
"Angel Pt 1 (feat. Jimin of BTS, JVKE & Muni Long)",22,18
Acrï¿½ï¿½s,37,50
AMG,12,117
"Phir Aur Kya Chahiye (From ""Zara Hatke Zara Bachke"")",6,71
S-Class,9,101
Hits Different,15,15
Chanel,15,92
Self Love (Spider-Man: Across the Spider-Verse) (Metro Boomin & Coi Leray),18,41
Area Codes,44,34
Abcdario,8,60
Obsessed,10,79
Piï¿½ï¿½man Deï¿,5,6
FLOWER,20,110
"All The Way Live (Spider-Man: Across the Spider-Verse) (Metro Boomin & Future, Lil Uzi Vert)",5,17
Eyes Closed,116,69
Escapism.,116,84
La Jumpa,47,77
Karma (feat. Ice Spice),23,21
Superhero (Heroes & Villains) [with Future & Chris Brown],41,69
Las Morras,8,78
CHORRITO PA LAS ANIMAS,29,65
Ch y la Pizza,10,72
Snow On The Beach (feat. More Lana Del Rey),1,0
Players,118,48
Bite Me,8,96
Stand By Me (feat. Morgan Wallen),23,82
Normal,47,66
Hummingbird (Metro Boomin & James Blake),1,20
Seu Brilho Sumiu - Ao Vivo,7,29
Bad Habit,155,72
CUFF IT,215,88
Lilith (feat. SUGA of BTS) (Diablo IV Anthem),6,14
69,39,14
Niï¿½ï¿½a Bo,29,26
Search & Rescue,58,70
AMERICA HAS A PROBLEM (feat. Kendrick Lamar),34,2
Lavender Haze,51,43
"Link Up (Metro Boomin & Don Toliver, Wizkid feat. BEAM & Toian) - Spider-Verse Remix (Spider-Man: Across the Spider-Verse )",3,10
Efecto,34,65
Erro Gostoso - Ao Vivo,8,57
Cupido,51,29
Just Wanna Rock,72,27
Unstoppable,119,66
Until I Found You,69,100
Rich Flex,84,84
Easy On Me,258,87
Cartï¿½ï¿½o B,7,2
Danger (Spider) (Offset & JID),3,3
Oi Balde - Ao Vivo,12,57
The Real Slim Shady,81,53
MERCHO,41,22
The Color Violet,3,79
Glimpse of Us,109,42
Mejor Que Yo,9,13
Curtains,37,3
UNFORGIVEN (feat. Nile Rodgers),14,110
Haegeum,6,84
Conexï¿½ï¿½es de Mï¿½ï¿½fia (feat. Rich ,17,7
MIENTRAS ME CURO DEL CORA,15,26
Never Felt So Alone,46,5
X SI VOLVEMOS,45,80
ceilings,67,55
Cupid,15,93
I AM,16,102
Cupid ï¿½ï¿½ï¿½ Twin Ver. (FIFTY FIFTY) ï¿½ï¿½ï¿½ Spe,0,0
Shorty Party,8,14
Super,16,103
Slut Me Out,21,4
Double Fantasy (with Future),36,65
All Of The Girls You Loved Before,26,6
PROVENZA,114,104
Princess Diana (with Nicki Minaj),0,0
Di Que Si,4,64
Shivers,234,71
Igualito a Mi Apï¿,8,84
Shoong! (feat. LISA of BLACKPINK),16,90
Komang,5,6
DESPECHï¿,180,90
Made You Look,142,23
Watch This - ARIZONATEARS Pluggnb Remix,0,0
No Se Va,17,80
Punto G,34,26
Lovers Rock,3,1
METAMORPHOSIS,18,78
Mami Chula,17,13
En Paris,3,31
Set Me Free Pt.2,4,71
I Was Never There,30,70
Don't ever say love me (feat. RM of BTS),5,9
Shut Down,53,120
Gato de Noche,21,55
Call Out My Name,151,107
Like Crazy (English Version),4,72
Rosa Pastel,8,77
Sunroof,156,35
Lose Yourself - Soundtrack Version,247,54
Superman,18,51
Mas Rica Que Ayer,10,41
People Pt.2 (feat. IU),4,45
REMIX EXCLUSIVO,20,8
"Arcï¿½ï¿½ngel: Bzrp Music Sessions, Vol",11,3
DOGTOOTH,23,0
10:35,190,104
SORRY NOT SORRY,8,1
HAPPY,22,7
La Bebe,4,11
I Know - PR1SVX Edit,16,15
Late Night Talking,166,42
Leï¿½,30,84
Save Your Tears (with Ariana Grande) (Remix),240,98
Something in the Orange,67,84
VOID,29,9
Dijeron Que No La Iba Lograr,5,48
Midnight Rain,19,29
If We Ever Broke Up,81,27
You Proof,37,88
LA INOCENTE,28,57
Malas Decisiones,23,2
Murder In My Mind,20,68
Gangsta's Paradise,21,0
CAIRO,52,66
I Love You So,44,19
Dark Red,71,53
Say You Won't Let Go,231,37
The Hills,122,94
Heart To Heart,27,27
Peaches (from The Super Mario Bros. Movie),0,0
Marisola - Remix,20,8
LOKERA,72,64
Low,23,71
Numb,39,0
Tormenta (feat. Bad Bunny),32,18
on the street (with J. Cole),22,82
One Thing At A Time,11,58
Miss You,108,16
Ainï¿½ï¿½ï¿½t Tha,4,20
Thinkinï¿½ï¿½ï¿½ B,22,101
Private Landing (feat. Justin Bieber & Future),29,3
Everything I Love,11,54
Heaven,61,6
LET GO,49,23
Sial,4,6
I Wrote The Book,15,17
"Apna Bana Le (From ""Bhediya"")",11,101
SPIT IN MY FACE!,32,3
PLAYA DEL INGLï¿½,30,15
Man Made A Bar (feat. Eric Church),14,35
Red Ruby Da Sleeze,45,11
Kahani Suno 2.0,1,10
Nobody Gets Me,59,100
PERO Tï¿,11,15
Hype Boy,20,119
Bloody Mary,66,26
Monotonï¿½,118,34
ýýý98 Braves,6,15
WANDA,11,24
Thought You Should Know,16,53
In The End,63,0
Zona De Perigo,20,1
Lovezinho,12,2
I Like You (A Happier Song) (with Doja Cat),94,21
Neverita,20,64
Vista Al Mar,16,19
Sem Alianï¿½ï¿½a no ,6,1
Enemy (with JID) - from the series Arcane League of Legends,122,88
Revenge,7,0
Bombonzinho - Ao Vivo,26,69
LA CANCIï¿½,177,109
Quï¿½ï¿½ Ago,19,59
Love Again,57,4
After Hours,45,115
About Damn Time,0,0
Born With A Beer In My Hand,5,9
ýýýýýýýýýýýýýýýýýýýýý,24,94
Besos Moja2,53,7
Maan Meri Jaan,11,80
Moscow Mule,74,113
My Universe,0,0
Devil Donï¿½ï¿½ï¿½,2,10
LLYLM,105,41
I'm Not Here To Make Friends,86,1
TRUSTFALL,88,24
ANTIFRAGILE,23,95
Boy's a liar,27,0
VIBE (feat. Jimin of BTS),15,40
Shirt,71,95
Lift Me Up - From Black Panther: Wakanda Forever - Music From and Inspired By,129,31
STAR WALKIN' (League of Legends Worlds Anthem),113,17
"Sex, Drugs, Etc.",47,60
Boy With Luv (feat. Halsey),113,92
"Hey, Mickey!",9,1
Calm Down,107,44
Jhoome Jo Pathaan,13,78
Escapism. - Sped Up,12,1
Space Song,69,76
Dreamers [Music from the FIFA World Cup Qatar 2022 Official Soundtrack],11,78
Te Felicito,124,66
Muï¿½ï¿½,33,7
TV,68,89
I'm Not The Only One,136,24
Heather,82,1
"Besharam Rang (From ""Pathaan"")",21,79
One Kiss (with Dua Lipa),537,122
Sugar Rush Ride,12,56
Pink Venom,57,119
WAIT FOR U (feat. Drake & Tems),128,84
Don't Start Now,532,77
After Dark,1,9
Eu Gosto Assim - Ao Vivo,27,64
INDUSTRY BABY (feat. Jack Harlow),300,47
MIDDLE OF THE NIGHT,78,21
Atlantis,43,53
PUNTO 40,54,32
Evoque Prata,14,1
How Do I Say Goodbye,72,97
Blind,22,51
Die For You,38,45
Doja,57,44
Gatita,9,0
Rumble,39,45
Niagara Falls (Foot or 2) [with Travis Scott & 21 Savage],12,22
Yonaguni,120,86
Super Freaky Girl,104,17
Running Up That Hill (A Deal With God),117,1
Dream On,0,0
Limbo,14,1
Where Are You Now,238,122
WORTH NOTHING,34,54
Bad Habits,344,97
KICK BACK,38,101
Evergreen (You Didnï¿½ï¿½ï¿½t Deserve Me A,70,0
Good Days,133,109
Levitating (feat. DaBaby),198,13
Woman,202,50
Shut up My Moms Calling - (Sped Up),2,4
Ferrari,173,79
"You're On Your Own, Kid",8,18
"Kesariya (From ""Brahmastra"")",26,98
Agudo Mï¿½ï¿½gi,4,0
Payphone,56,38
All I Want for Christmas Is You,387,132
Last Christmas,274,111
Rockin' Around The Christmas Tree,191,168
Jingle Bell Rock,165,99
It's Beginning To Look A Lot Like Christmas,35,0
Santa Tell Me,231,106
It's the Most Wonderful Time of the Year,182,107
Let It Snow! Let It Snow! Let It Snow!,88,1
Snowman,85,110
Underneath the Tree,144,99
Feliz Navidad,21,3
Holly Jolly Christmas,5,0
Mistletoe,195,111
Sleigh Ride,114,74
Seek & Destroy,5,31
Love Language,16,63
Happy Xmas (War Is Over),130,1
Used (feat. Don Toliver),7,29
A Holly Jolly Christmas - Single Version,108,120
The Christmas Song (Merry Christmas To You) - Remastered 1999,140,72
Wonderful Christmastime - Edited Version / Remastered 2011,1,0
Do They Know It's Christmas? - 1984 Version,209,30
Ghost in the Machine (feat. Phoebe Bridgers),16,20
Special,6,21
Merry Christmas Everyone,90,35
Let It Snow! Let It Snow! Let It Snow!,126,108
SOS,6,18
Open Arms (feat. Travis Scott),13,87
White Christmas,73,79
Driving Home for Christmas - 2019 Remaster,50,0
Christmas (Baby Please Come Home),121,58
Gone Girl,3,17
F2F,5,9
Notice Me,14,22
Merry Christmas,72,90
It's Beginning to Look a Lot Like Christmas (with Mitchell Ayres & His Orchestra),89,39
My Only Wish (This Year),115,53
Antidepresan,10,6
Wild Flower (with youjeen),2,74
I Hate U,66,96
Raindrops (Insane) [with Travis Scott],3,7
SPIT IN MY FACE!,1,0
Deck The Hall - Remastered 1999,65,39
Smoking on my Ex Pack,6,11
Conceited,2,14
Snow On The Beach (feat. Lana Del Rey),33,57
Maroon,12,16
Tubarï¿½ï¿½o Te,21,0
Bejeweled,39,35
Tarot,27,77
You Make It Feel Like Christmas (feat. Blake Shelton),108,56
Desesperados,83,58
Too Late,0,9
Party,38,64
Run Rudolph Run - Single Version,120,30
Jingle Bells - Remastered 1999,32,3
Far,2,15
On Time (with John Legend),2,2
GATï¿½ï¿½,39,50
ýýýabcdefu,170,12
Sacrifice,81,77
Is There Someone Else?,13,89
Fingers Crossed,65,7
Out of Time,49,88
Do It To It,183,63
We Don't Talk About Bruno,95,89
Pepas,252,109
How Do I Make You Love Me?,7,47
Gasoline,11,29
Infinity,24,0
Less Than Zero,18,77
Take My Breath,17,80
good 4 u,259,55
"Here We Goï¿½ï¿½ï¿½ Again (feat. Tyler, the Cr",7,18
Best Friends,3,18
Kiss Me More (feat. SZA),382,65
I Heard You're Married (feat. Lil Wayne),9,10
Need To Know,125,36
MONTERO (Call Me By Your Name),275,19
love nwantiti (ah ah ah),74,0
Dawn FM,1,8
Surface Pressure,38,48
Starry Eyes,1,17
THATS WHAT I WANT,173,7
One Right Now (with The Weeknd),68,18
Beggin,183,64
Mon Amour - Remix,67,13
Lo Siento BB:/ (with Bad Bunny & Julieta Venegas),61,65
MONEY,44,109
The Motto,240,107
Happier Than Ever,138,133
Moth To A Flame (with The Weeknd),114,172
traitor,85,43
Toxic,34,23
drivers license,185,61
Malvadï¿½ï¿,14,3
All Too Well (10 Minute Version) (Taylor's Version) (From The Vault),50,49
Donï¿½ï¿½ï¿½t Break My,1,5
Oh My God,105,7
Entre Nosotros (Remix) [con Nicki Nicole],32,0
A Tale By Quincy,0,2
I AM WOMAN,45,0
Medallo,54,21
It'll Be Okay,56,8
Softcore,33,102
Super Gremlin,52,15
Volvï¿,138,24
Todo De Ti,188,75
Love Nwantiti - Remix,42,2
Smokin Out The Window,63,40
Meet Me At Our Spot,47,14
Every Angel is Terrifying,0,1
Tacones Rojos,77,31
Peaches (feat. Daniel Caesar & Giveon),231,52
Dakiti,189,166
"Tiago PZK: Bzrp Music Sessions, Vol. 48",20,4
Lï¿½ï¿½ï¿,41,122
Nostï¿½ï¿½l,86,76
Better Days (NEIKED x Mae Muller x Polo G),105,2
Life Goes On,43,15
Sad Girlz Luv Money Remix (feat. Kali Uchis),69,3
Butter,180,135
pushin P (feat. Young Thug),54,28
You Right,83,9
deja vu,117,39
Dynamite,239,163
TO THE MOON,44,0
Lost in the Fire,110,145
Salimo de Noche,17,5
Volando - Remix,101,34
Leave The Door Open,237,123
Knife Talk (with 21 Savage ft. Project Pat),45,43
Don't Be Shy,171,51
Love Grows (Where My Rosemary Goes),16,0
LA FAMA (with The Weeknd),81,93
The Family Madrigal,20,38
Phantom Regret by Jim,1,1
Dos Oruguitas,24,47
Freaks,23,21
Acapulco,111,5
Daddy Issues,42,70
thought i was playing,3,0
ELEVEN,17,89
Mood (feat. Iann Dior),237,27
What Else Can I Do?,13,27
DANCE CRIP,14,14
Miserable Man,13,0
happier,25,46
Praise God,24,6
Get Into It (Yuh),43,19
Before You Go,205,130
Sky,25,3
Rolling in the Deep,195,125
Sobrio,103,76
Peru,60,17
favorite crime,20,21
Thunder,54,16
The Business,255,32
positions,175,55
I WANNA BE YOUR SLAVE,65,88
Vai Lï¿½ï¿½ Em Casa ,7,3
The Feels,20,99
HEARTBREAK ANNIVERSARY,111,127
No Lie,92,127
OUT OUT (feat. Charli XCX & Saweetie),122,11
Pope Is a Rockstar,4,2
2055,29,0
Bored,39,45
Happier Than Ever - Edit,19,0
Astronaut In The Ocean,146,18
Ley Seca,101,12
Every Summertime,30,2
Talking To The Moon,5,0
you broke me first,167,19
The Nights,92,122
Take My Breath,174,73
Way 2 Sexy (with Future & Young Thug),144,30
Cï¿½ï¿½,36,82
Enemy - from the series Arcane League of Legends,8,8
Dance Monkey,533,167
Lucid Dreams,188,34
Quï¿½ï¿½ Mï¿½ï¿,92,34
All of Me,308,118
Smells Like Teen Spirit - Remastered 2021,265,121
Arcade,107,47
Fair Trade (with Travis Scott),118,116
Bar,22,3
The Rumbling (TV Size),0,4
family ties (with Kendrick Lamar),114,15
Mr. Brightside,306,99
Blessed-Cursed,2,12
AM Remix,93,5
Streets,85,87
Shallow,368,155
Polaroid Love,10,56
Leave Before You Love Me (with Jonas Brothers),143,24
Permission to Dance,77,134
Friday (feat. Mufasa & Hypeman) - Dopamine Re-Edit,209,54
RAPSTAR,141,12
'Till I Collapse,78,46
Memories,272,67
Se Le Ve,72,0
25k jacket (feat. Lil Baby),17,3
When Iï¿½ï¿½ï¿½m Gone (with Katy ,89,21
Esqueï¿½ï¿½a-Me Se For C,24,92
Miï¿½ï¿½n,61,23
Sï¿½ï¿½,30,26
MAMIII,151,102
Still D.R.E.,141,78
Stay Alive (Prod. SUGA of BTS),4,113
Boyfriend,76,0
The Joker And The Queen (feat. Taylor Swift),46,1
The Next Episode,142,40
Light Switch,119,6
City of Gods,34,3
Brividi,34,1
Lost,124,27
In Da Club,235,106
she's all i wanna be,105,12
Ginseng Strip 2002,13,0
All For Us - from the HBO Original Series Euphoria,33,123
Notion,22,13
Formula,24,85
Mount Everest,45,1
Excuses,7,21
Cigarettes,11,0
"Cayï¿½ï¿½ La Noche (feat. Cruz Cafunï¿½ï¿½, Abhir Hathi, Bejo, EL IMA)",19,5
California Love - Original Version (Explicit),128,17
Forgot About Dre,78,15
Down Under (feat. Colin Hay),57,13
Mujeriego,44,63
HUMBLE.,284,114
Stan,83,63
Contection,65,45
Swim,5,1
A Tu Merced,21,20
Numb Little Bug,47,3
212,10,0
Problemï¿½,42,7
Bussin,25,0
Worst Day,20,3
Malvada,28,73
Hrs and Hrs,43,36
Alien Blues,3,0
Thinking Out Loud,363,129
Still Don't Know My Name,47,116
Christmas Tree,8,106
Mal Feito - Ao Vivo,35,104
When I R.I.P.,8,67
Do We Have A Problem?,42,1
Forever,21,86
Gospel (with Eminem),8,0
Seï¿½ï¿½o,453,50
NEW MAGIC WAND,13,7
Adore You,246,71
La Santa,52,42
Something In The Way - Remastered 2021,45,27
Sweetest Pie,69,2
Bam Bam (feat. Ed Sheeran),185,40
Una Noche en Medellï¿½,46,16
Envolver,123,113
Starlight,29,40
Hati-Hati di Jalan,12,4
"I'm Tired - From ""Euphoria"" An Original HBO Series",26,1
DANï¿½ï¿½A,45,0
Yo Voy (feat. Daddy Yankee),18,82
"Residente: Bzrp Music Sessions, Vol. 49",7,11
Jordan,29,2
Nail Tech,42,0
Chale,16,41
DARARI,10,21
Ya No Somos Ni Seremos,27,84
Thinking with My Dick,0,0
Freaky Deaky,26,1
this is what falling in love feels like,16,5
La Zona,13,1
Bohemian Rhapsody - Remastered 2011,321,162
Hope,11,10
Levitating,233,82
Wake Me Up - Radio Edit,315,160
"jealousy, jealousy",10,0
Monï¿½ï¿½y so,2,0
Demasiadas Mujeres,36,2
Something Just Like This,336,188
Closer,315,159
O.O,9,66
Somebody That I Used To Know,217,136
Tom's Diner,15,48
First Class,163,32
Plan A,32,0
Fuera del mercado,68,24
X ï¿½ï¿½LTIMA,55,3
When You're Gone,75,11
In My Head,21,0
Wait a Minute!,79,80
LOVE DIVE,28,124
Pantysito,49,17
Chance,11,0
Cool for the Summer,155,5
psychofreak (feat. WILLOW),24,0
Angel Baby,52,25
Vampiro,26,3
Si Quieren Frontear,14,0
Right On,31,9
Me Arrepentï¿,12,2
That's Hilarious,11,6
Soy El Unico,5,0
RUMBATï¿½,20,4
sentaDONA (Remix) s2,32,0
Falling,124,24
Sigue,46,8
Fim de Semana no Rio,27,2
MANIAC,6,188
There's Nothing Holdin' Me Back,229,57
IDGAF (with blackbear),10,2
Golden,85,24
Get Lucky - Radio Edit,203,1
Ain't Shit,32,6
"Nobody Like U - From ""Turning Red""",34,39
Still Life,16,14
Photograph,228,105
Love Yourself,289,87
N95,52,16
About Damn Time,242,49
Die Hard,38,13
Despuï¿½ï¿½s de la P,27,44
Un Ratito,7,30
United In Grief,4,5
Father Time (feat. Sampha),4,0
Yo No Soy Celoso,7,21
Rich Spirit,20,10
Cooped Up (with Roddy Ricch),42,28
Me Fui de Vacaciones,9,11
Silent Hill,22,0
La Corriente,8,25
Count Me Out,3,7
Andrea,8,30
Dos Mil 16,10,24
We Cry Together,4,1
Savior,9,0
Un Coco,5,28
Otro Atardecer,10,30
Worldwide Steppers,1,0
Aguacero,4,15
Purple Hearts,7,0
Un Verano Sin Ti,8,12
ULTRA SOLO,48,4
Ensï¿½ï¿½ï¿½ï¿½ame ,7,25
El Apagï¿½,9,7
Callaita,162,116
Dua Lipa,35,0
Agosto,6,20
House Of Memories,10,2
Mr. Morale,1,0
That That (prod. & feat. SUGA of BTS),16,81
In The Stars,48,40
Rich - Interlude,0,0
SUPERMODEL,93,12
Stefania (Kalush Orchestra),10,4
Thousand Miles,52,9
Crown,2,0
Auntie Diaries,1,0
PUFFIN ON ZOOTIEZ,28,42
Mirror,2,0
Beautiful Girl,16,11
"Paulo Londra: Bzrp Music Sessions, Vol. 23",19,0
Savior - Interlude,0,0
Pasoori,10,22
Mother I Sober (feat. Beth Gibbons of Portishead),3,0
TUS Lï¿½ï¿½GR,23,16
Where Did You Go?,135,74
I Tried to Tell Y'all,15,3
Honest (feat. Don Toliver),26,1
ZOOM,5,29
SloMo,31,0
FEARLESS,18,75
10 Things I Hate About You,23,1
SPACE MAN,42,51
With you,4,35
Iris,137,5
The Heart Part 5,29,0
San Lucas,5,0
This Love (Taylorï¿½ï¿½ï¿½s Ve,26,2
Good Looking,11,6
Flowers,42,9
Yet To Come,32,110
Run BTS,5,132
Music For a Sushi Restaurant,80,11
Matilda,29,10
For Youth,5,40
Daylight,21,11
Vegas (From the Original Motion Picture Soundtrack ELVIS),79,13
Cash In Cash Out,34,0
Potion (with Dua Lipa & Young Thug),73,45
Born Singer,0,18
Little Freak,20,3
La Llevo Al Cielo (Ft. ï¿½ï¿½engo F,36,1
True Love,23,1
Satellite,43,28
Pass The Dutchie,54,76
"Villano Antillano: Bzrp Music Sessions, Vol. 51",26,16
Love Of My Life,13,2
Grapejuice,7,1
So Good,51,14
Belly Dancer,109,38
Keep Driving,8,1
Cinema,18,1
Die Young (feat. 347aidan),19,0
Only Love Can Hurt Like This,90,22
Hold My Hand,63,8
Daydreaming,15,1
Numb,107,76
Nos Comemos (feat. Ozuna),0,0
Me and Your Mama,33,60
Crazy What Love Can Do,139,73
SLOW DANCING IN THE DARK,38,79
Antes de Perderte,12,1
Boyfriends,26,2
295,4,106
Tak Ingin Usai,16,5
En El Radio Un Cochinero,5,36
Master of Puppets (Remastered),112,198
BREAK MY SOUL,222,61
ULTRA SOLO REMIX,37,2
Massive,66,89
Betty (Get Money),45,2
Ojos Marrones,26,18
POP!,19,21
Layla,18,124
MORE,6,52
Sweet Child O' Mine,228,151
Last Last,156,275
SNAP,3,0
Sticky,38,105
Hot Shit (feat. Ye & Lil Durk),11,0
Ai Preto,28,0
La Loto,49,3
die first,25,0
Afraid To Feel,129,55
Baile no Morro,17,0
cï¿½ï¿½mo dormi,16,15
Bad Decisions (with BTS & Snoop Dogg),53,2
STAYING ALIVE (feat. Drake & Lil Baby),51,1
Caile,17,12
Si Te La Encuentras Por Ahï¿,23,10
GIVENCHY,13,18
ALIEN SUPERSTAR,39,47
Mary On A Cross,38,266
Attention,14,141
THE SHADE,17,10
"Come Back Home - From ""Purple Hearts""",28,67
El Rescate,10,43
Heartless,63,39
"Stay With Me (with Justin Timberlake, Halsey, & Pharrell)",54,6
Siempre Pendientes,15,79
JGL,15,33
Don't You Worry,81,4
Pipoco,22,2
Hold Me Closer,165,10
Forget Me,93,95
After LIKE,20,129
Bound 2,33,11
B.O.T.A. (Baddest Of Them All) - Edit,102,53
Talk that Talk,14,77
BILLIE EILISH.,49,1
Ferxxo 100,20,49
KU LO SA - A COLORS SHOW,117,72
Prohibidox,25,36
Static,21,15
The Scientist,124,25
Sparks,24,0
Talk,10,1
XQ Te Pones Asï¿,6,1
Selfish,15,0
Sin Seï¿½ï,18,10
Lady Mi Amor,3,0
Poland,38,0
THE LONELIEST,78,65
Bye Bye,16,0
BABY OTAKU,14,1
Nxde,14,116
Miss You,77,10
we fell in love in october,31,21
2 Be Loved (Am I Ready),41,0
Celestial,86,14
Typa Girl,2,129
I Really Want to Stay at Your House,0,0
California Breeze,36,38
Bamba (feat. Aitch & BIA),14,12
Casei Com a Putaria,0,0
Major Distribution,22,7
Pussy & Millions (feat. Travis Scott),24,8
Vigilante Shit,12,9
Question...?,10,3
On BS,9,20
Mastermind,7,5
Circo Loco,26,9
Labyrinth,6,3
Spin Bout U,26,52
Sweet Nothing,9,6
"Would've, Could've, Should've",4,5
Con La Brisa,8,1
Privileged Rappers,6,5
The Astronaut,10,100
BackOutsideBoyz,8,5
Broke Boys,3,8
The Great War,1,6
My Mind & Me,61,13
Bigger Than The Whole Sky,4,0
A Veces (feat. Feid),2,0
En La De Ella,29,26
Alone,27,18
